{
  "hash": "416e3d40",
  "configHash": "0bdf645f",
  "lockfileHash": "5f499778",
  "browserHash": "6360edff",
  "optimized": {
    "@angular/core": {
      "src": "../../../../../node_modules/@angular/core/fesm2022/core.mjs",
      "file": "@angular_core.js",
      "fileHash": "5401b141",
      "needsInterop": false
    },
    "@angular/platform-browser": {
      "src": "../../../../../node_modules/@angular/platform-browser/fesm2022/platform-browser.mjs",
      "file": "@angular_platform-browser.js",
      "fileHash": "24246363",
      "needsInterop": false
    },
    "@angular/router": {
      "src": "../../../../../node_modules/@angular/router/fesm2022/router.mjs",
      "file": "@angular_router.js",
      "fileHash": "86de8271",
      "needsInterop": false
    },
    "@angular/common/http": {
      "src": "../../../../../node_modules/@angular/common/fesm2022/http.mjs",
      "file": "@angular_common_http.js",
      "fileHash": "dea6093d",
      "needsInterop": false
    },
    "@angular/common": {
      "src": "../../../../../node_modules/@angular/common/fesm2022/common.mjs",
      "file": "@angular_common.js",
      "fileHash": "40a00a6d",
      "needsInterop": false
    },
    "rxjs/operators": {
      "src": "../../../../../node_modules/rxjs/dist/esm5/operators/index.js",
      "file": "rxjs_operators.js",
      "fileHash": "28978a65",
      "needsInterop": false
    }
  },
  "chunks": {
    "chunk-ZEIWATWW": {
      "file": "chunk-ZEIWATWW.js"
    },
    "chunk-YS54BBV6": {
      "file": "chunk-YS54BBV6.js"
    },
    "chunk-NXFDKYFO": {
      "file": "chunk-NXFDKYFO.js"
    },
    "chunk-CFHFDGJN": {
      "file": "chunk-CFHFDGJN.js"
    },
    "chunk-QAU3MEMJ": {
      "file": "chunk-QAU3MEMJ.js"
    }
  }
}